{"cameraMode":{"drawMode":0,"name":"Shaded","section":"Shading Mode"},"sceneLighting":true,"audioPlay":false,"sceneViewState":{"m_AlwaysRefresh":false,"showFog":true,"showSkybox":true,"showFlares":true,"showImageEffects":true,"showParticleSystems":true,"showVisualEffectGraphs":true,"m_FxEnabled":true},"in2DMode":false,"pivot":{"x":-0.34996816515922549,"y":-3.0156350135803224,"z":-18.71883773803711},"rotation":{"x":0.012582216411828995,"y":0.9784120917320252,"z":-0.1966126412153244,"w":0.06263744086027146},"size":6.218437194824219,"orthographic":false}